{"num_notes": [1926195.0, 2175225.0], "used_pitch": [42, 59], "pitch_class_histogram": [[0.09371325333104903, 0.015543597610833794, 0.1853784274177848, 0.10201459353803742, 0.0, 0.04538481306409787, 0.04424785652542967, 0.22291356794094055, 0.07634741030892511, 0.049379735696541624, 0.1286629858347675, 0.036413758731592596], [0.1232355273592387, 0.023507912974519877, 0.1361238492569734, 0.08276385201530877, 0.04362996931351929, 0.07095128090197565, 0.059614522635589424, 0.19203530669241112, 0.03898217425783539, 0.09760369616936179, 0.07046857221666725, 0.061083336206599316]], "pitch_class_kl": 0.1224605514889596, "pitch_class_transition_matrix": [[[0.012484394506866416, 0.0024968789013732834, 0.019975031210986267, 0.012484394506866416, 0.0, 0.0024968789013732834, 0.016229712858926344, 0.019975031210986267, 0.0, 0.012484394506866416, 0.02122347066167291, 0.0], [0.0, 0.0, 0.00749063670411985, 0.0, 0.0, 0.0, 0.0012484394506866417, 0.0024968789013732834, 0.0, 0.0, 0.0012484394506866417, 0.0], [0.03245942571785269, 0.004993757802746567, 0.0449438202247191, 0.00749063670411985, 0.0, 0.00749063670411985, 0.02871410736579276, 0.03245942571785269, 0.0012484394506866417, 0.02122347066167291, 0.019975031210986267, 0.003745318352059925], [0.003745318352059925, 0.0012484394506866417, 0.024968789013732832, 0.008739076154806492, 0.0, 0.004993757802746567, 0.0, 0.0149812734082397, 0.004993757802746567, 0.003745318352059925, 0.00749063670411985, 0.0], [0.0, 0.0, 0.0, 0.0, 0.0, 0.0, 0.0, 0.0, 0.0, 0.0, 0.0, 0.0], [0.0012484394506866417, 0.0, 0.006242197253433208, 0.02247191011235955, 0.0, 0.0, 0.0, 0.012484394506866416, 0.0024968789013732834, 0.0024968789013732834, 0.0, 0.00749063670411985], [0.003745318352059925, 0.0012484394506866417, 0.016229712858926344, 0.0, 0.0, 0.0, 0.0012484394506866417, 0.02871410736579276, 0.0, 0.008739076154806492, 0.011235955056179775, 0.0], [0.0149812734082397, 0.0, 0.04244694132334582, 0.008739076154806492, 0.0, 0.02122347066167291, 0.009987515605493134, 0.02746566791510612, 0.004993757802746567, 0.004993757802746567, 0.0299625468164794, 0.00749063670411985], [0.0012484394506866417, 0.0, 0.0012484394506866417, 0.004993757802746567, 0.0, 0.003745318352059925, 0.0, 0.016229712858926344, 0.0024968789013732834, 0.0024968789013732834, 0.0024968789013732834, 0.0], [0.016229712858926344, 0.0024968789013732834, 0.02247191011235955, 0.003745318352059925, 0.0, 0.0, 0.011235955056179775, 0.0149812734082397, 0.0012484394506866417, 0.00749063670411985, 0.01373283395755306, 0.0], [0.017478152309612985, 0.0024968789013732834, 0.03245942571785269, 0.004993757802746567, 0.0, 0.0012484394506866417, 0.0024968789013732834, 0.008739076154806492, 0.017478152309612985, 0.024968789013732832, 0.02746566791510612, 0.0012484394506866417], [0.012484394506866416, 0.0, 0.0, 0.00749063670411985, 0.0, 0.0, 0.0, 0.0, 0.0, 0.0, 0.0, 0.0]], [[0.013455328310010764, 0.001076426264800861, 0.022066738428417654, 0.006458557588805167, 0.0032292787944025836, 0.004843918191603875, 0.002152852529601722, 0.014531754574811625, 0.006996770721205597, 0.00968783638320775, 0.010764262648008612, 0.005920344456404736], [0.001076426264800861, 0.0, 0.0016146393972012918, 0.0005382131324004305, 0.0005382131324004305, 0.0, 0.0016146393972012918, 0.001076426264800861, 0.0, 0.0, 0.001076426264800861, 0.0005382131324004305], [0.01883745963401507, 0.002152852529601722, 0.03444564047362755, 0.012378902045209902, 0.006996770721205597, 0.006996770721205597, 0.008611410118406888, 0.029601722282023683, 0.005382131324004306, 0.02099031216361679, 0.005382131324004306, 0.006996770721205597], [0.005382131324004306, 0.0005382131324004305, 0.01022604951560818, 0.013455328310010764, 0.004305705059203444, 0.006458557588805167, 0.014531754574811625, 0.013455328310010764, 0.004843918191603875, 0.0032292787944025836, 0.005382131324004306, 0.016146393972012917], [0.0016146393972012918, 0.0005382131324004305, 0.008073196986006458, 0.004305705059203444, 0.0032292787944025836, 0.001076426264800861, 0.005382131324004306, 0.006996770721205597, 0.0005382131324004305, 0.00968783638320775, 0.002691065662002153, 0.0], [0.005920344456404736, 0.001076426264800861, 0.006996770721205597, 0.005382131324004306, 0.004305705059203444, 0.001076426264800861, 0.004843918191603875, 0.013455328310010764, 0.004305705059203444, 0.004843918191603875, 0.007534983853606028, 0.004305705059203444], [0.002152852529601722, 0.0, 0.006996770721205597, 0.02099031216361679, 0.0016146393972012918, 0.0016146393972012918, 0.007534983853606028, 0.014531754574811625, 0.0032292787944025836, 0.004843918191603875, 0.0005382131324004305, 0.003767491926803014], [0.017222820236813777, 0.002152852529601722, 0.023681377825618945, 0.00968783638320775, 0.008073196986006458, 0.012917115177610334, 0.011840688912809472, 0.02744886975242196, 0.005382131324004306, 0.03552206673842842, 0.02583423035522067, 0.004843918191603875], [0.005920344456404736, 0.0005382131324004305, 0.002152852529601722, 0.002691065662002153, 0.001076426264800861, 0.002152852529601722, 0.001076426264800861, 0.007534983853606028, 0.0032292787944025836, 0.002152852529601722, 0.0, 0.002691065662002153], [0.012378902045209902, 0.003767491926803014, 0.023143164693218515, 0.005382131324004306, 0.005920344456404736, 0.007534983853606028, 0.005920344456404736, 0.024757804090419805, 0.0016146393972012918, 0.008073196986006458, 0.013455328310010764, 0.0032292787944025836], [0.011840688912809472, 0.002152852529601722, 0.006458557588805167, 0.004843918191603875, 0.0016146393972012918, 0.0032292787944025836, 0.0005382131324004305, 0.022604951560818085, 0.0, 0.007534983853606028, 0.006458557588805167, 0.0016146393972012918], [0.008611410118406888, 0.001076426264800861, 0.007534983853606028, 0.008611410118406888, 0.0, 0.001076426264800861, 0.010764262648008612, 0.005920344456404736, 0.003767491926803014, 0.003767491926803014, 0.002691065662002153, 0.004305705059203444]]], "avg_ioi": [0.17526455026455026, 0.12034514078110808]}