{"num_notes": [709, 241], "note_density": [44.3125, 16.066666666666666], "used_pitch": [42, 27], "pitch_class_histogram": [[0.07913868613138686, 0.03127007299270073, 0.19913868613138686, 0.010306569343065694, 0.08294890510948905, 0.10488321167883212, 0.011277372262773722, 0.1631970802919708, 0.013058394160583941, 0.07545255474452554, 0.20628467153284671, 0.023043795620437957], [0.09121621621621621, 0.05405405405405406, 0.12693050193050193, 0.06756756756756757, 0.06998069498069498, 0.13754826254826255, 0.03474903474903475, 0.08663127413127412, 0.06853281853281853, 0.09097490347490347, 0.15347490347490347, 0.01833976833976834]], "pitch_class_kl": 0.1487452231675543, "pitch_class_transition_matrix": [[[0.011466794075489728, 0.0, 0.0179168657429527, 0.002150023889154324, 0.004538939321548017, 0.01409460105112279, 0.0, 0.009316770186335404, 0.00047778308647873863, 0.009794553272814142, 0.015766841853798376, 0.002866698518872432], [0.0019111323459149545, 0.0026278069756330625, 0.004061156235069279, 0.0016722408026755853, 0.005255613951266125, 0.008600095556617296, 0.0, 0.004777830864787387, 0.0, 0.005733397037744864, 0.00358337314859054, 0.0], [0.014811275680840898, 0.006211180124223602, 0.032250358337314856, 0.000716674629718108, 0.016722408026755852, 0.015527950310559006, 0.002866698518872432, 0.025561395126612516, 0.00358337314859054, 0.01433349259436216, 0.024366937410415672, 0.0023889154323936935], [0.00023889154323936931, 0.0, 0.004538939321548017, 0.00047778308647873863, 0.0, 0.007644529383659818, 0.0, 0.000716674629718108, 0.00023889154323936931, 0.0011944577161968467, 0.009316770186335404, 0.0], [0.013377926421404682, 0.003105590062111801, 0.007644529383659818, 0.006450071667462972, 0.01098901098901099, 0.025322503583373148, 0.0, 0.007644529383659818, 0.0, 0.016244624940277116, 0.007405637840420449, 0.001433349259436216], [0.006211180124223602, 0.006688963210702341, 0.02460582895365504, 0.002150023889154324, 0.019589106545628284, 0.02460582895365504, 0.0, 0.02150023889154324, 0.0033444816053511705, 0.008122312470138558, 0.040372670807453416, 0.0009555661729574773], [0.0, 0.0, 0.002150023889154324, 0.0, 0.0, 0.002150023889154324, 0.0, 0.000716674629718108, 0.0, 0.0, 0.001433349259436216, 0.0], [0.016244624940277116, 0.005733397037744864, 0.022933588150979456, 0.003822264691829909, 0.012900143334925944, 0.02150023889154324, 0.0023889154323936935, 0.023172479694218824, 0.0, 0.021739130434782608, 0.011944577161968466, 0.0], [0.0033444816053511705, 0.0, 0.003105590062111801, 0.0, 0.00047778308647873863, 0.0023889154323936935, 0.0, 0.001433349259436216, 0.0011944577161968467, 0.003105590062111801, 0.000716674629718108, 0.0], [0.004777830864787387, 0.0023889154323936935, 0.019589106545628284, 0.00047778308647873863, 0.004300047778308648, 0.016005733397037744, 0.0, 0.012422360248447204, 0.00047778308647873863, 0.004061156235069279, 0.022694696607740088, 0.002866698518872432], [0.015766841853798376, 0.008122312470138558, 0.019350215002388916, 0.005733397037744864, 0.0241280458671763, 0.023172479694218824, 0.0009555661729574773, 0.024844720496894408, 0.00358337314859054, 0.016483516483516484, 0.020305781175346392, 0.0], [0.004777830864787387, 0.0, 0.000716674629718108, 0.0, 0.0023889154323936935, 0.001433349259436216, 0.0, 0.0, 0.000716674629718108, 0.0033444816053511705, 0.0, 0.001433349259436216]], [[0.024475524475524476, 0.0, 0.018648018648018648, 0.018648018648018648, 0.004662004662004662, 0.01282051282051282, 0.002331002331002331, 0.017482517482517484, 0.0, 0.017482517482517484, 0.018648018648018648, 0.0], [0.0, 0.0034965034965034965, 0.0, 0.0, 0.0034965034965034965, 0.0, 0.0, 0.006993006993006993, 0.0, 0.0, 0.006993006993006993, 0.0], [0.009324009324009324, 0.0, 0.027972027972027972, 0.0034965034965034965, 0.0, 0.01048951048951049, 0.004662004662004662, 0.01048951048951049, 0.002331002331002331, 0.002331002331002331, 0.027972027972027972, 0.0034965034965034965], [0.016317016317016316, 0.0, 0.008158508158508158, 0.017482517482517484, 0.0, 0.008158508158508158, 0.002331002331002331, 0.009324009324009324, 0.0, 0.01282051282051282, 0.009324009324009324, 0.0], [0.002331002331002331, 0.0034965034965034965, 0.002331002331002331, 0.0, 0.004662004662004662, 0.0011655011655011655, 0.0, 0.009324009324009324, 0.0, 0.0011655011655011655, 0.009324009324009324, 0.0], [0.011655011655011656, 0.0034965034965034965, 0.01282051282051282, 0.005827505827505828, 0.004662004662004662, 0.019813519813519812, 0.002331002331002331, 0.013986013986013986, 0.002331002331002331, 0.008158508158508158, 0.02564102564102564, 0.0011655011655011655], [0.004662004662004662, 0.0, 0.005827505827505828, 0.0011655011655011655, 0.0, 0.0011655011655011655, 0.004662004662004662, 0.0011655011655011655, 0.0, 0.002331002331002331, 0.002331002331002331, 0.0011655011655011655], [0.017482517482517484, 0.004662004662004662, 0.01282051282051282, 0.013986013986013986, 0.006993006993006993, 0.01282051282051282, 0.0011655011655011655, 0.03146853146853147, 0.0, 0.023310023310023312, 0.03496503496503497, 0.0], [0.002331002331002331, 0.0, 0.0034965034965034965, 0.0, 0.0, 0.0034965034965034965, 0.0, 0.0, 0.002331002331002331, 0.0, 0.0034965034965034965, 0.0011655011655011655], [0.016317016317016316, 0.0011655011655011655, 0.009324009324009324, 0.011655011655011656, 0.0034965034965034965, 0.017482517482517484, 0.002331002331002331, 0.013986013986013986, 0.0, 0.015151515151515152, 0.027972027972027972, 0.0011655011655011655], [0.02564102564102564, 0.004662004662004662, 0.023310023310023312, 0.01048951048951049, 0.005827505827505828, 0.015151515151515152, 0.002331002331002331, 0.039627039627039624, 0.004662004662004662, 0.0011655011655011655, 0.04428904428904429, 0.002331002331002331], [0.0034965034965034965, 0.0, 0.002331002331002331, 0.0, 0.0, 0.0011655011655011655, 0.0011655011655011655, 0.0, 0.0011655011655011655, 0.0011655011655011655, 0.0011655011655011655, 0.0]]], "pctm_cosine_sim": 0.798599401882744, "avg_ioi": [0.10105932203389831, 0.30416666666666664], "Original Tonal Tension Diameter": 2.623534812305659, "Generated Tonal Tension Diameter": 4.226444535183801, "Original Tonal Tension Tensile": 0.9295584004427672, "Generated Tonal Tension Tensile": 0.4107772524603791, "Original Tonal Tension Centroid Diff": 0.451783520448665, "Generated Tonal Tension Centroid Diff": 0.10941280879453923, "muspy_metrics": {"org": {"pitch_related": {"pitch_range": 62, "n_pitches": 42, "n_pitch_classes": 12, "polyphony": 15.783932070542129, "polyphony_rate": 0.9998693664271718, "pitch_in_scale_rate": 0.765867418899859, "n_unique_chords": 15}, "rhythm_related": {"empty_beat_rate": 0.0, "groove_consistency": 0.9929769392033543}, "info": {"song_name": "monophonic_Frederick Loewe, Alan Jay Lerner - Almost Like Being In Love", "song_tag": "generated_monophonic_Frederick Loewe, Alan Jay Lerner - Almost Like Being In Love", "key": ""}}, "gen": {"pitch_related": {"pitch_range": 38, "n_pitches": 31, "n_pitch_classes": 12, "polyphony": 19.125827814569536, "polyphony_rate": 1.0, "pitch_in_scale_rate": 0.6704545454545454, "n_unique_chords": 20}, "rhythm_related": {"empty_beat_rate": 0.0, "groove_consistency": 0.9998640018921476}, "info": {"song_name": "Frederick Loewe, Alan Jay Lerner - Almost Like Being In Love", "song_tag": "original_Frederick Loewe, Alan Jay Lerner - Almost Like Being In Love", "key": ""}}}}