{"num_notes": [241, 709], "note_density": [16.066666666666666, 44.3125], "used_pitch": [27, 61], "pitch_class_histogram": [[0.09121621621621621, 0.05405405405405406, 0.12693050193050193, 0.06756756756756757, 0.06998069498069498, 0.13754826254826255, 0.03474903474903475, 0.08663127413127412, 0.06853281853281853, 0.09097490347490347, 0.15347490347490347, 0.01833976833976834], [0.09442996545245166, 0.07899721195223953, 0.10751409176313716, 0.07622431662525002, 0.085830959452088, 0.07012546214922116, 0.0533289896357355, 0.09468755682162555, 0.07573943875386387, 0.09452088005333656, 0.09013425056064003, 0.07846687678041094]], "pitch_class_kl": 0.08973115625356101, "pitch_class_transition_matrix": [[[0.024475524475524476, 0.0, 0.018648018648018648, 0.018648018648018648, 0.004662004662004662, 0.01282051282051282, 0.002331002331002331, 0.017482517482517484, 0.0, 0.017482517482517484, 0.018648018648018648, 0.0], [0.0, 0.0034965034965034965, 0.0, 0.0, 0.0034965034965034965, 0.0, 0.0, 0.006993006993006993, 0.0, 0.0, 0.006993006993006993, 0.0], [0.009324009324009324, 0.0, 0.027972027972027972, 0.0034965034965034965, 0.0, 0.01048951048951049, 0.004662004662004662, 0.01048951048951049, 0.002331002331002331, 0.002331002331002331, 0.027972027972027972, 0.0034965034965034965], [0.016317016317016316, 0.0, 0.008158508158508158, 0.017482517482517484, 0.0, 0.008158508158508158, 0.002331002331002331, 0.009324009324009324, 0.0, 0.01282051282051282, 0.009324009324009324, 0.0], [0.002331002331002331, 0.0034965034965034965, 0.002331002331002331, 0.0, 0.004662004662004662, 0.0011655011655011655, 0.0, 0.009324009324009324, 0.0, 0.0011655011655011655, 0.009324009324009324, 0.0], [0.011655011655011656, 0.0034965034965034965, 0.01282051282051282, 0.005827505827505828, 0.004662004662004662, 0.019813519813519812, 0.002331002331002331, 0.013986013986013986, 0.002331002331002331, 0.008158508158508158, 0.02564102564102564, 0.0011655011655011655], [0.004662004662004662, 0.0, 0.005827505827505828, 0.0011655011655011655, 0.0, 0.0011655011655011655, 0.004662004662004662, 0.0011655011655011655, 0.0, 0.002331002331002331, 0.002331002331002331, 0.0011655011655011655], [0.017482517482517484, 0.004662004662004662, 0.01282051282051282, 0.013986013986013986, 0.006993006993006993, 0.01282051282051282, 0.0011655011655011655, 0.03146853146853147, 0.0, 0.023310023310023312, 0.03496503496503497, 0.0], [0.002331002331002331, 0.0, 0.0034965034965034965, 0.0, 0.0, 0.0034965034965034965, 0.0, 0.0, 0.002331002331002331, 0.0, 0.0034965034965034965, 0.0011655011655011655], [0.016317016317016316, 0.0011655011655011655, 0.009324009324009324, 0.011655011655011656, 0.0034965034965034965, 0.017482517482517484, 0.002331002331002331, 0.013986013986013986, 0.0, 0.015151515151515152, 0.027972027972027972, 0.0011655011655011655], [0.02564102564102564, 0.004662004662004662, 0.023310023310023312, 0.01048951048951049, 0.005827505827505828, 0.015151515151515152, 0.002331002331002331, 0.039627039627039624, 0.004662004662004662, 0.0011655011655011655, 0.04428904428904429, 0.002331002331002331], [0.0034965034965034965, 0.0, 0.002331002331002331, 0.0, 0.0, 0.0011655011655011655, 0.0011655011655011655, 0.0, 0.0011655011655011655, 0.0011655011655011655, 0.0011655011655011655, 0.0]], [[0.018276762402088774, 0.008544979824353193, 0.008544979824353193, 0.009969143128412059, 0.007120816520294327, 0.014478993591265131, 0.00878234037502967, 0.014478993591265131, 0.007832898172323759, 0.011155945881794445, 0.009731782577735581, 0.006646095418941372], [0.00878234037502967, 0.004984571564206029, 0.0059340137669119395, 0.008307619273676715, 0.005696653216235461, 0.005221932114882507, 0.004509850462853074, 0.005459292665558984, 0.004509850462853074, 0.007358177070970804, 0.005696653216235461, 0.005459292665558984], [0.010918585331117968, 0.0075955376216472826, 0.009494422027059102, 0.0075955376216472826, 0.00688345596961785, 0.007120816520294327, 0.007358177070970804, 0.007832898172323759, 0.006171374317588417, 0.009731782577735581, 0.008544979824353193, 0.0059340137669119395], [0.011393306432470923, 0.0037977688108236413, 0.004984571564206029, 0.007358177070970804, 0.004272489912176596, 0.0075955376216472826, 0.004747211013529551, 0.007358177070970804, 0.00878234037502967, 0.007120816520294327, 0.006408734868264894, 0.005459292665558984], [0.00878234037502967, 0.0059340137669119395, 0.008307619273676715, 0.006408734868264894, 0.004747211013529551, 0.008544979824353193, 0.0075955376216472826, 0.0059340137669119395, 0.005696653216235461, 0.005221932114882507, 0.006646095418941372, 0.004984571564206029], [0.008307619273676715, 0.007120816520294327, 0.0059340137669119395, 0.005696653216235461, 0.007120816520294327, 0.00878234037502967, 0.006646095418941372, 0.005221932114882507, 0.0075955376216472826, 0.0075955376216472826, 0.008070258723000238, 0.0059340137669119395], [0.007832898172323759, 0.005221932114882507, 0.005459292665558984, 0.005459292665558984, 0.004984571564206029, 0.004984571564206029, 0.0037977688108236413, 0.005221932114882507, 0.005221932114882507, 0.0075955376216472826, 0.004272489912176596, 0.0037977688108236413], [0.007832898172323759, 0.004272489912176596, 0.006646095418941372, 0.006646095418941372, 0.006408734868264894, 0.009019700925706147, 0.004747211013529551, 0.004272489912176596, 0.007832898172323759, 0.0059340137669119395, 0.007832898172323759, 0.006408734868264894], [0.005459292665558984, 0.004272489912176596, 0.005696653216235461, 0.0075955376216472826, 0.006408734868264894, 0.007120816520294327, 0.004509850462853074, 0.0059340137669119395, 0.005459292665558984, 0.007358177070970804, 0.005459292665558984, 0.004272489912176596], [0.012580109185853311, 0.006171374317588417, 0.006171374317588417, 0.005221932114882507, 0.004984571564206029, 0.006171374317588417, 0.005459292665558984, 0.00688345596961785, 0.004272489912176596, 0.009494422027059102, 0.006408734868264894, 0.005696653216235461], [0.013054830287206266, 0.007120816520294327, 0.0075955376216472826, 0.009494422027059102, 0.006646095418941372, 0.010206503679088536, 0.006171374317588417, 0.009257061476382625, 0.005696653216235461, 0.008070258723000238, 0.008544979824353193, 0.00688345596961785], [0.009494422027059102, 0.005221932114882507, 0.006408734868264894, 0.00688345596961785, 0.006171374317588417, 0.00688345596961785, 0.005459292665558984, 0.005221932114882507, 0.007120816520294327, 0.005696653216235461, 0.006646095418941372, 0.004509850462853074]]], "pctm_cosine_sim": 0.6944527810540603, "avg_ioi": [0.30416666666666664, 0.10105932203389831], "Original Tonal Tension Diameter": 0.14006231041231976, "Generated Tonal Tension Diameter": 0.6577215660442287, "Original Tonal Tension Tensile": 0.05513842831142364, "Generated Tonal Tension Tensile": 0.24017562543587992, "Original Tonal Tension Centroid Diff": 0.054998210174993845, "Generated Tonal Tension Centroid Diff": 0.16683454486205748, "muspy_metrics": {"org": {"pitch_related": {"pitch_range": 38, "n_pitches": 31, "n_pitch_classes": 12, "polyphony": 19.125827814569536, "polyphony_rate": 1.0, "pitch_in_scale_rate": 0.6704545454545454, "n_unique_chords": 20}, "rhythm_related": {"empty_beat_rate": 0.0, "groove_consistency": 0.9998640018921476}, "info": {"song_name": "Frederick Loewe, Alan Jay Lerner - Almost Like Being In Love", "song_tag": "original_Frederick Loewe, Alan Jay Lerner - Almost Like Being In Love", "key": ""}}, "gen": {"pitch_related": {"pitch_range": 72, "n_pitches": 61, "n_pitch_classes": 12, "polyphony": 6.901621621621621, "polyphony_rate": 0.9265839320705421, "pitch_in_scale_rate": 0.609308885754584, "n_unique_chords": 44}, "rhythm_related": {"empty_beat_rate": 0.00649350649350644, "groove_consistency": 0.9929769392033543}, "info": {"song_name": "random_chords", "song_tag": "random_chords", "key": ""}}}}